{"cameraMode":{"drawMode":0,"name":"Shaded","section":"Shading Mode"},"sceneLighting":false,"audioPlay":false,"sceneViewState":{"showFog":true,"showMaterialUpdate":false,"showSkybox":false,"showFlares":true,"showImageEffects":true,"showParticleSystems":true},"in2DMode":false,"pivot":{"x":0.01997828111052513,"y":0.024909062311053277,"z":0.01949274353682995},"rotation":{"x":0.33639997243881228,"y":-0.5366396903991699,"z":0.24604715406894685,"w":0.7337002158164978},"size":4.143697738647461,"orthographic":false}